{
    "mc1_cpus8": [
        234.375117,
        251.788429,
        281.957218,
        249.477282,
        278.122122
    ],
    "mc1_cpus16": [
        117.388137,
        117.400834,
        121.111995,
        152.346981,
        153.061553
    ],
    "mc1_cpus4": [
        485.297598,
        467.141133,
        466.236981,
        479.092669,
        520.086803
    ],
    "mc1_cpus32": [
        78.411754,
        77.275964,
        87.180705,
        79.453478,
        86.929068
    ],
    "mc1_cpus2": [
        925.277464,
        958.955059,
        948.653533,
        1005.095331,
        1056.742861
    ],
    "mc1_cpus1": [
        1865.684292,
        1857.657543,
        1857.860501,
        1868.178506,
        1930.660767
    ],
    "mc2_cpus8": [
        151.325113,
        153.636956,
        153.510661,
        152.310739,
        152.864853
    ],
    "mc2_cpus4": [
        235.963017,
        235.428855,
        234.287334,
        238.241481,
        240.045224
    ],
    "mc2_cpus2": [
        466.081649,
        464.963963,
        467.752027,
        472.001854,
        472.053206
    ],
    "mc2_cpus32": [
        46.085313,
        49.134498,
        46.95298,
        48.874594,
        55.884862
    ],
    "mc2_cpus16": [
        81.366625,
        85.272021,
        64.203654,
        76.996515,
        75.740615
    ],
    "mc2_cpus1": [
        928.315183,
        931.787046,
        929.55086,
        939.146968,
        940.543868
    ]
}