{
    "mc1_cpus16": [
        11.847657,
        11.925933,
        12.495669,
        11.997403,
        11.797246
    ],
    "mc2_cpus8": [
        16.109265,
        12.114782,
        13.708067,
        13.169051,
        15.919628
    ],
    "mc1_cpus8": [
        23.413739,
        23.439415,
        27.86579,
        27.069869,
        29.69697
    ],
    "mc2_cpus4": [
        30.64982,
        29.433178,
        24.151298,
        25.315556,
        28.556572
    ],
    "mc4_cpus2": [
        29.902967,
        30.596142,
        47.698799,
        30.194815,
        27.854718
    ],
    "mc2_cpus16": [
        7.406333,
        7.33233,
        7.363732,
        7.270851,
        12.691867
    ],
    "mc1_cpus4": [
        48.146921,
        47.147493,
        52.242211,
        55.248014,
        55.653435
    ],
    "mc4_cpus1": [
        47.582887,
        47.748542,
        48.341299,
        51.194247,
        51.148017
    ],
    "mc2_cpus2": [
        47.021073,
        52.910872,
        54.267701,
        49.503287,
        48.567473
    ],
    "mc4_cpus4": [
        12.747216,
        16.469372,
        16.53141,
        15.384513,
        15.760377
    ],
    "mc4_cpus8": [
        8.345591,
        7.677146,
        9.328058,
        8.333891,
        7.537765
    ],
    "mc1_cpus2": [
        93.962584,
        93.777917,
        93.142079,
        93.051288,
        93.316168
    ],
    "mc2_cpus1": [
        93.994502,
        93.692096,
        98.352995,
        93.789832,
        95.803584
    ],
    "mc1_cpus1": [
        192.150778,
        187.494134,
        185.936629,
        185.825568,
        185.697976
    ],
    "mc4_cpus16": [
        6.688934,
        6.817632,
        6.750463,
        6.443393,
        6.60185
    ],
    "mc2_cpus32": [
        8.710668,
        5.824979,
        7.523159,
        7.392982,
        8.051343
    ],
    "mc1_cpus32": [
        8.007164,
        9.935939,
        14.130524,
        8.366418,
        6.086602
    ],
    "mc4_cpus32": [
        7.718884,
        8.433421,
        7.753112,
        8.226402,
        8.136366
    ]
}