{
    "mc4_cpus8": [
        516.103958,
        572.553357,
        625.525272,
        621.634993,
        624.355334
    ],
    "mc4_cpus4": [
        965.657112,
        970.52588,
        1234.28864,
        1245.54761,
        1036.367294
    ],
    "mc4_cpus2": [
        2230.219299,
        2238.387695,
        2298.330239,
        2239.24839,
        2322.134727
    ],
    "mc4_cpus1": [
        3872.214265,
        4226.465315,
        4228.960066,
        4221.399198,
        4427.000659
    ],
    "mc4_cpus16": [
        288.331851,
        407.150543,
        370.58198,
        336.617773,
        270.097869
    ]
}