{
    "p1_t1": [
        111.339558,
        111.54924,
        111.5232,
        111.498635,
        111.498163,
        111.541647,
        111.485633,
        111.446972,
        111.46935,
        111.4488,
        111.389753,
        111.488549,
        111.486743,
        111.448327,
        111.496125,
        111.464093,
        111.499705,
        111.533629,
        111.537373,
        111.455737,
        111.462295,
        111.559423,
        111.837963,
        111.410986,
        111.482128,
        111.540068,
        111.414596,
        111.580918,
        111.491208,
        111.453536
    ],
    "p1_t2": [
        55.706035,
        55.691503,
        55.705517,
        55.714828,
        55.724542,
        55.685912,
        55.719054,
        55.74022,
        55.727568,
        55.709547,
        55.744315,
        55.775669,
        55.687026,
        55.708027,
        55.728386,
        55.765775,
        55.699086,
        55.68655,
        55.751582,
        55.695602,
        55.718154,
        55.726597,
        55.732894,
        55.687657,
        55.717065,
        55.716903,
        55.768814,
        55.721264,
        55.77592,
        55.73268
    ],
    "p1_t4": [
        27.866868,
        27.897824,
        27.867359,
        27.891569,
        27.878467,
        27.863112,
        27.87859,
        27.870783,
        27.890752,
        27.87088,
        27.86587,
        27.887612,
        27.880315,
        27.880512,
        27.8861,
        27.879515,
        27.868931,
        27.874239,
        27.889202,
        27.856974,
        27.901837,
        27.873748,
        27.890131,
        27.864863,
        27.884166,
        27.876655,
        27.87764,
        27.876504,
        27.865275,
        27.884314
    ],
    "p1_t8": [
        13.960058,
        13.967101,
        13.960394,
        13.959006,
        13.961017,
        13.95926,
        13.957853,
        13.948545,
        13.968983,
        13.959657,
        13.962851,
        13.964792,
        13.95333,
        13.954108,
        13.971086,
        13.955775,
        13.955972,
        13.953403,
        13.954977,
        13.966924,
        13.961704,
        13.96817,
        14.037458,
        13.957804,
        13.966832,
        13.955239,
        13.964163,
        13.952413,
        13.950786,
        13.953593
    ],
    "p1_t16": [
        7.015231,
        7.010053,
        7.013607,
        7.011237,
        7.012591,
        7.011759,
        7.014335,
        7.016258,
        7.00908,
        7.011546,
        7.010895,
        7.012884,
        7.013512,
        7.014271,
        7.0148,
        7.010477,
        7.011273,
        7.015013,
        7.013119,
        7.012158,
        7.015106,
        7.015446,
        7.012813,
        7.012437,
        7.014786,
        7.010786,
        7.011825,
        7.012088,
        7.012003,
        7.014088
    ],
    "p1_t32": [
        3.551011,
        3.559467,
        3.555228,
        3.558731,
        3.558643,
        3.558951,
        3.554728,
        3.562972,
        3.557364,
        3.557941,
        3.563859,
        3.559471,
        3.553537,
        3.554996,
        3.554081,
        3.557379,
        3.556955,
        3.554841,
        3.555317,
        3.556593,
        3.553619,
        3.564442,
        3.55214,
        3.558868,
        3.562371,
        3.555642,
        3.554029,
        3.554208,
        3.559858,
        3.555847
    ],
    "p1_t64": [
        1.873507,
        1.876253,
        1.875316,
        1.877394,
        1.875027,
        1.876607,
        1.87753,
        1.87285,
        1.878719,
        1.871162,
        1.874527,
        1.874795,
        1.877233,
        1.876368,
        1.875706,
        1.873509,
        1.879778,
        1.871182,
        1.875354,
        1.877311,
        1.877609,
        1.873912,
        1.877893,
        1.879663,
        1.878261,
        1.874876,
        1.877366,
        1.876108,
        1.876242,
        1.875974
    ]
}