{
    "p1_t1": [
        0.355436,
        0.355618,
        0.36185,
        0.355488,
        0.356153,
        0.355309,
        0.355794,
        0.355788,
        0.355646,
        0.356002,
        0.355572,
        0.356079,
        0.355398,
        0.356098,
        0.356177,
        0.355334,
        0.355717,
        0.355304,
        0.35662,
        0.355658,
        0.35573,
        0.355062,
        0.355716,
        0.355364,
        0.356045,
        0.355371,
        0.355664,
        0.355202,
        0.355912,
        0.355497
    ],
    "p1_t2": [
        0.182125,
        0.181479,
        0.181894,
        0.181065,
        0.181778,
        0.180732,
        0.181803,
        0.180891,
        0.181541,
        0.18059,
        0.182188,
        0.18135,
        0.181757,
        0.181247,
        0.181556,
        0.180639,
        0.180834,
        0.180608,
        0.180952,
        0.181514,
        0.181511,
        0.181443,
        0.181893,
        0.180566,
        0.18195,
        0.181585,
        0.180779,
        0.181679,
        0.18177,
        0.180452
    ],
    "p1_t4": [
        0.093435,
        0.093209,
        0.093525,
        0.093175,
        0.093831,
        0.093216,
        0.093743,
        0.093359,
        0.093753,
        0.09303,
        0.093533,
        0.09331,
        0.093657,
        0.093239,
        0.093279,
        0.093647,
        0.093567,
        0.093511,
        0.093587,
        0.093612,
        0.093614,
        0.093594,
        0.093299,
        0.093329,
        0.093429,
        0.093234,
        0.093201,
        0.093412,
        0.093642,
        0.093257
    ],
    "p1_t8": [
        0.049969,
        0.049877,
        0.049991,
        0.049788,
        0.050333,
        0.049902,
        0.049839,
        0.04972,
        0.05005,
        0.049982,
        0.050107,
        0.049946,
        0.049873,
        0.049757,
        0.04983,
        0.049908,
        0.050105,
        0.050207,
        0.050002,
        0.050018,
        0.04988,
        0.05002,
        0.049956,
        0.049852,
        0.049756,
        0.049703,
        0.050138,
        0.049633,
        0.049847,
        0.049918
    ],
    "p1_t16": [
        0.028835,
        0.029033,
        0.028756,
        0.028942,
        0.028783,
        0.028987,
        0.029041,
        0.028942,
        0.029173,
        0.028795,
        0.028963,
        0.029228,
        0.02897,
        0.029372,
        0.028831,
        0.028943,
        0.029141,
        0.02905,
        0.028791,
        0.029114,
        0.029123,
        0.028803,
        0.029076,
        0.029091,
        0.028933,
        0.028973,
        0.029187,
        0.028964,
        0.028988,
        0.02915
    ],
    "p1_t32": [
        0.018755,
        0.018988,
        0.019698,
        0.019802,
        0.019402,
        0.018771,
        0.019284,
        0.019076,
        0.019641,
        0.018905,
        0.019424,
        0.01902,
        0.019168,
        0.019436,
        0.019606,
        0.019221,
        0.01904,
        0.01919,
        0.019463,
        0.019181,
        0.01922,
        0.019422,
        0.018792,
        0.019063,
        0.019374,
        0.019116,
        0.019195,
        0.019213,
        0.019362,
        0.019471
    ],
    "p1_t64": [
        0.015191,
        0.014117,
        0.013566,
        0.014483,
        0.014798,
        0.014621,
        0.01406,
        0.014789,
        0.014039,
        0.01433,
        0.014835,
        0.013808,
        0.014582,
        0.013906,
        0.014918,
        0.014153,
        0.015066,
        0.014205,
        0.01549,
        0.014505,
        0.014483,
        0.013761,
        0.01488,
        0.014089,
        0.014997,
        0.014119,
        0.014368,
        0.014076,
        0.014947,
        0.013611
    ]
}