{
    "p4_t1": [
        28.000701,
        28.116543,
        28.004617,
        28.071263,
        28.117658,
        107.178561,
        28.015504,
        28.092744,
        28.0689,
        28.049959,
        28.159354,
        28.021466,
        28.022344,
        28.045278,
        28.08902,
        28.099374,
        28.084363,
        27.952516,
        28.025984,
        28.100914,
        28.004828,
        28.067528,
        28.062369,
        28.052587,
        28.029707,
        28.113548,
        41.019362,
        28.051653,
        28.01002,
        28.579102
    ],
    "p1_t1": [
        111.26738,
        111.505765,
        111.42819,
        111.283014,
        111.409479,
        111.246597,
        111.423341,
        111.476216,
        111.134701,
        111.250198,
        111.342959,
        111.315616,
        111.12094,
        111.499482,
        111.364667,
        111.430026,
        111.373582,
        111.288636,
        111.31563,
        111.445064,
        111.276288,
        111.341716,
        111.357738,
        111.23037,
        111.070542,
        111.242449,
        111.354437,
        111.28064,
        111.359875,
        111.279675
    ],
    "p1_t2": [
        55.908142,
        55.960049,
        55.91527,
        55.902029,
        55.925006,
        55.889403,
        55.92099,
        55.92027,
        55.918519,
        55.965919,
        55.915695,
        55.972538,
        55.92097,
        55.918767,
        55.927929,
        55.929216,
        55.944212,
        56.013276,
        55.924907,
        55.977482,
        55.949122,
        56.009813,
        55.934913,
        55.701289,
        55.929434,
        55.980301,
        55.92839,
        55.988417,
        56.17166,
        55.91567
    ],
    "p1_t4": [
        28.228672,
        28.129483,
        28.098076,
        28.024466,
        28.080438,
        28.066516,
        28.029956,
        28.154666,
        28.063984,
        27.981293,
        28.11038,
        28.152383,
        28.081153,
        28.16956,
        28.067107,
        28.103115,
        28.210096,
        28.054253,
        28.189297,
        28.008488,
        28.101311,
        28.016748,
        28.034292,
        28.082282,
        27.974654,
        28.133698,
        28.07909,
        28.073133,
        28.037368,
        28.020574
    ],
    "p1_t8": [
        14.191952,
        14.247674,
        14.195411,
        14.173147,
        14.175374,
        14.246915,
        14.183812,
        14.185743,
        14.190904,
        55.829953,
        14.1371,
        14.198017,
        14.023717,
        14.182387,
        14.224432,
        28.180423,
        14.230328,
        14.037308,
        14.161524,
        14.2269,
        14.17896,
        14.174819,
        14.072963,
        14.166712,
        14.190848,
        14.213585,
        14.075589,
        14.202014,
        14.178131,
        14.174376
    ],
    "p1_t16": [
        7.567792,
        7.537541,
        7.565095,
        7.539421,
        7.491372,
        7.511029,
        7.518774,
        7.506148,
        7.524351,
        7.179712,
        7.449568,
        7.512658,
        7.545065,
        7.133223,
        7.529625,
        7.537831,
        7.539674,
        7.519163,
        7.53793,
        7.523813,
        7.561025,
        7.533093,
        7.557044,
        7.521103,
        7.523286,
        7.531059,
        7.539295,
        7.52693,
        7.485213,
        7.536162
    ],
    "p1_t32": [
        4.575888,
        4.537264,
        4.573775,
        4.556581,
        3.854095,
        4.588173,
        4.528611,
        4.586056,
        3.794221,
        4.5097,
        4.568283,
        4.525677,
        4.522089,
        4.561828,
        4.533674,
        4.5586,
        4.53251,
        4.530351,
        4.611863,
        4.554368,
        4.609666,
        4.492982,
        4.521633,
        4.499819,
        4.564824,
        4.550868,
        4.606872,
        4.512226,
        4.55369,
        4.505133
    ],
    "p2_t1": [
        56.012299,
        56.085499,
        55.9563,
        55.930189,
        56.005677,
        56.003587,
        55.924807,
        56.036695,
        55.796613,
        55.973352,
        55.997458,
        56.005963,
        56.054989,
        56.020885,
        56.008303,
        55.949456,
        55.941628,
        56.025924,
        55.991477,
        55.996125,
        55.985021,
        56.033789,
        56.014605,
        56.075317,
        55.936385,
        56.379154,
        55.965261,
        56.037029,
        55.937873,
        56.264643
    ],
    "p2_t2": [
        27.990549,
        28.004335,
        28.010808,
        28.085883,
        28.116197,
        28.016857,
        27.996698,
        28.032776,
        28.000789,
        27.988673,
        27.968006,
        28.088195,
        27.997408,
        28.145535,
        28.034109,
        28.076565,
        28.052635,
        28.162873,
        27.981204,
        28.025868,
        28.028651,
        28.071612,
        28.020587,
        28.002727,
        27.985891,
        28.267719,
        27.97653,
        28.1377,
        27.999405,
        28.128415
    ],
    "p2_t4": [
        14.078262,
        14.118774,
        14.117319,
        14.064206,
        14.098654,
        14.088334,
        14.087672,
        14.031729,
        14.059382,
        14.135343,
        14.074281,
        14.10784,
        14.078018,
        14.088609,
        14.031893,
        14.082652,
        13.971239,
        13.993545,
        14.048201,
        14.085614,
        14.050379,
        14.080141,
        14.090046,
        14.15157,
        14.064859,
        14.021178,
        14.172685,
        14.056382,
        14.022909,
        14.076865
    ],
    "p2_t8": [
        7.149355,
        7.10941,
        7.161754,
        7.109482,
        7.142891,
        7.139421,
        7.187125,
        7.122607,
        7.144681,
        7.139566,
        7.142413,
        7.13083,
        7.105139,
        7.147569,
        7.087197,
        7.105266,
        7.123927,
        7.134587,
        7.160249,
        7.145601,
        7.184577,
        7.145161,
        7.154802,
        7.18579,
        7.148964,
        7.12493,
        7.086827,
        7.102058,
        7.120823,
        7.136031
    ],
    "p2_t16": [
        3.788481,
        3.803496,
        3.724591,
        3.714698,
        3.716356,
        3.797897,
        3.801879,
        3.734361,
        3.729952,
        3.804591,
        3.718826,
        3.787803,
        3.730256,
        3.735735,
        3.719717,
        3.718426,
        12.04246,
        3.72937,
        3.713321,
        3.790798,
        3.722966,
        3.737532,
        3.750911,
        3.784914,
        3.726758,
        3.790459,
        3.810693,
        3.728864,
        3.792486,
        3.787489
    ],
    "p2_t32": [
        2.391029,
        2.409194,
        2.440086,
        2.337501,
        2.282387,
        2.443223,
        2.283313,
        2.379575,
        2.358558,
        2.400321,
        2.139213,
        2.249073,
        2.264661,
        2.360384,
        2.264794,
        2.267205,
        2.115411,
        2.32705,
        2.358952,
        2.452989,
        2.361326,
        2.067689,
        2.294425,
        2.423779,
        2.096698,
        2.23779,
        2.137584,
        2.337878,
        1.961854,
        2.373003
    ],