{
    "p1_t1": [
        1.065963,
        1.066797,
        1.066295,
        1.065031,
        1.067098,
        1.06512,
        1.064411,
        1.066836,
        1.066688,
        1.064576,
        1.065005,
        1.064929,
        1.063391,
        1.066713,
        1.064174,
        1.066008,
        1.06539,
        1.065679,
        1.066207,
        1.06604,
        1.063567,
        1.066342,
        1.066384,
        1.06562,
        1.066905,
        1.06514,
        1.065431,
        1.065398,
        1.065074,
        1.065022
    ],
    "p2_t1": [
        0.544924,
        0.534946,
        0.535181,
        0.534769,
        0.544378,
        0.536077,
        0.534918,
        0.534561,
        0.545012,
        0.534943,
        0.545225,
        0.534716,
        0.536016,
        0.539117,
        0.54451,
        0.534592,
        0.535062,
        0.536784,
        0.534884,
        0.535398,
        0.544469,
        0.535109,
        0.534644,
        0.535157,
        0.544123,
        0.544593,
        0.535564,
        0.544484,
        0.534611,
        0.535151
    ],
    "p4_t1": [
        0.276758,
        0.278182,
        0.277593,
        0.278354,
        0.273129,
        0.273982,
        0.278499,
        0.277682,
        0.274181,
        0.27337,
        0.276161,
        0.273535,
        0.274521,
        0.276635,
        0.276502,
        0.278377,
        0.277959,
        0.277484,
        0.277086,
        0.276145,
        0.276519,
        0.276445,
        0.277857,
        0.276372,
        0.278163,
        0.276523,
        0.276059,
        0.273861,
        0.273839,
        0.278595
    ],
    "p8_t1": [
        0.144339,
        0.144379,
        0.144631,
        0.144753,
        0.144958,
        0.144395,
        0.145152,
        0.14566,
        0.145228,
        0.145307,
        0.1449,
        0.145108,
        0.144964,
        0.143973,
        0.144883,
        0.14501,
        0.144825,
        0.145243,
        0.142553,
        0.14508,
        0.145511,
        0.142841,
        0.145391,
        0.145321,
        0.145015,
        0.144937,
        0.143542,
        0.144888,
        0.144796,
        0.144746
    ],
    "p16_t1": [
        0.079995,
        0.079678,
        0.08044,
        0.080558,
        0.079581,
        0.079665,
        0.079976,
        0.07971,
        0.079879,
        0.07958,
        0.079291,
        0.08025,
        0.080251,
        0.080043,
        0.079713,
        0.079996,
        0.08001,
        0.079431,
        0.079772,
        0.079011,
        0.079623,
        0.079929,
        0.080042,
        0.079369,
        0.08051,
        0.080306,
        0.079185,
        0.079644,
        0.079243,
        0.080067
    ],
    "p32_t1": [
        0.046465,
        0.045169,
        0.0465,
        0.045737,
        0.049122,
        0.045871,
        0.048976,
        0.04587,
        0.045765,
        0.045987,
        0.046396,
        0.133239,
        0.04825,
        0.046291,
        0.046087,
        0.045367,
        0.046461,
        0.045846,
        0.045569,
        0.046268,
        0.045907,
        0.04587,
        0.049035,
        0.046048,
        0.046584,
        0.046494,
        0.048857,
        0.045548,
        0.046891,
        0.045818
    ],
    "p64_t1": [
        0.073617,
        0.073503,
        0.069018,
        0.064509,
        0.071235,
        0.06133,
        0.063337,
        0.06961,
        0.069021,
        0.051859,
        0.053757,
        0.072116,
        0.06319,
        0.070065,
        0.059736,
        0.06405,
        0.066518,
        0.064893,
        0.059853,
        0.072449,
        0.050491,
        0.067206,
        0.054596,
        0.070496,
        0.064028,
        0.059441,
        0.051863,
        0.073137,
        0.059381,
        0.085153
    ]
}