{
    "p1_t1": [
        0.357259,
        0.356413,
        0.357577,
        0.357085,
        0.356906,
        0.357223,
        0.35675,
        0.357382,
        0.357288,
        0.356591,
        0.357226,
        0.35701,
        0.357392,
        0.356487,
        0.357277,
        0.357164,
        0.357006,
        0.356852,
        0.357387,
        0.358624,
        0.356982,
        0.35664,
        0.357602,
        0.357923,
        0.356264,
        0.357468,
        0.356477,
        0.356977,
        0.356659,
        0.356794
    ],
    "p1_t2": [
        0.18046,
        0.181134,
        0.179772,
        0.180358,
        0.179931,
        0.180029,
        0.179841,
        0.180074,
        0.179966,
        0.180257,
        0.179609,
        0.179803,
        0.179686,
        0.180065,
        0.179616,
        0.179909,
        0.179936,
        0.179927,
        0.179979,
        0.180021,
        0.180156,
        0.180394,
        0.179745,
        0.18011,
        0.179708,
        0.180081,
        0.179954,
        0.179726,
        0.180034,
        0.180331
    ],
    "p1_t4": [
        0.093044,
        0.092682,
        0.093054,
        0.0926,
        0.092807,
        0.09262,
        0.093183,
        0.092604,
        0.093409,
        0.092609,
        0.093042,
        0.092869,
        0.092824,
        0.093076,
        0.092736,
        0.092228,
        0.092824,
        0.09266,
        0.091876,
        0.092755,
        0.093235,
        0.092139,
        0.092555,
        0.09296,
        0.093239,
        0.092732,
        0.092811,
        0.093002,
        0.092697,
        0.092354
    ],
    "p1_t8": [
        0.050078,
        0.050083,
        0.05019,
        0.050063,
        0.051098,
        0.049955,
        0.050007,
        0.049872,
        0.051146,
        0.04992,
        0.049644,
        0.049551,
        0.049784,
        0.049739,
        0.050932,
        0.050082,
        0.050099,
        0.049788,
        0.049943,
        0.049838,
        0.050224,
        0.050224,
        0.050313,
        0.050385,
        0.050144,
        0.051452,
        0.050002,
        0.049959,
        0.049976,
        0.050993
    ],
    "p1_t16": [
        0.031365,
        0.031377,
        0.031126,
        0.031342,
        0.031254,
        0.031253,
        0.031728,
        0.031028,
        0.032089,
        0.031033,
        0.031597,
        0.030626,
        0.032018,
        0.031349,
        0.031963,
        0.031203,
        0.031,
        0.031815,
        0.030777,
        0.031392,
        0.03106,
        0.030761,
        0.030892,
        0.030879,
        0.032312,
        0.032717,
        0.031398,
        0.030756,
        0.031854,
        0.030898
    ],
    "p1_t32": [
        0.027239,
        0.030667,
        0.031032,
        0.025326,
        0.029175,
        0.025732,
        0.026618,
        0.026352,
        0.025925,
        0.026355,
        0.02959,
        0.026232,
        0.026192,
        0.024838,
        0.026071,
        0.027815,
        0.030761,
        0.025733,
        0.051231,
        0.025905,
        0.036101,
        0.026384,
        0.025984,
        0.034599,
        0.027591,
        0.02615,
        0.026302,
        0.030043,
        0.026864,
        0.028621
    ],
    "p2_t1": [
        0.189222,
        0.17992,
        0.180913,
        0.17987,
        0.189133,
        0.180053,
        0.189081,
        0.179754,
        0.189211,
        0.180221,
        0.179981,
        0.179927,
        0.17995,
        0.18901,
        0.179952,
        0.189294,
        0.180456,
        0.189209,
        0.179907,
        0.179826,
        0.18933,
        0.189257,
        0.189125,
        0.18939,
        0.189105,
        0.180367,
        0.179616,
        0.181032,
        0.179804,
        0.179779
    ],
    "p2_t2": [
        0.093677,
        0.093994,
        0.094222,
        0.099505,
        0.09682,
        0.097032,
        0.237999,
        0.093544,
        0.098461,
        0.099235,
        0.09316,
        0.09865,
        0.097608,
        0.097433,
        0.092845,
        0.096482,
        0.09836,
        0.093976,
        0.093577,
        0.097085,
        0.097916,
        0.095639,
        0.093948,
        0.094932,
        0.095412,
        0.093809,
        0.095218,
        0.093021,
        0.098005,
        0.09651
    ],
    "p2_t4": [
        0.051348,
        0.049889,
        0.052316,
        0.050053,
        0.052104,
        0.052216,
        0.050438,
        0.050348,
        0.052416,
        0.051975,
        0.053013,
        0.052134,
        0.049063,
        0.05105,
        0.052432,
        0.052739,
        0.052961,
        0.053342,
        0.051227,
        0.051685,
        0.052578,
        0.05232,
        0.052112,
        0.051542,
        0.052647,
        0.05272,
        0.051784,
        0.052425,
        0.051385,
        0.051321
    ],
    "p2_t8": [
        0.031298,
        0.029911,
        0.031323,
        0.030204,
        0.031176,
        0.030348,
        0.030375,
        0.030412,
        0.030497,
        0.03044,
        0.029952,
        0.030274,
        0.02995,
        0.031005,
        0.031373,
        0.030356,
        0.030543,
        0.030138,
        0.030845,
        0.030261,
        0.029875,
        0.02908,
        0.030592,
        0.031718,
        0.030934,
        0.030886,
        0.030022,
        0.030327,
        0.030272,
        0.030594
    ],
    "p2_t16": [
        0.022361,
        0.021937,
        0.023816,
        0.022761,
        0.025505,
        0.022855,
        0.022141,
        0.022547,
        0.022951,
        0.023969,
        0.023661,
        0.023031,
        0.023427,
        0.023735,
        0.0237,
        0.022877,
        0.023318,
        0.023201,
        0.022686,
        0.02228,
        0.022993,
        0.022923,
        0.023982,
        0.022906,
        0.022119,
        0.023123,
        0.022905,
        0.022635,
        0.022496,
        0.022856
    ],
    "p2_t32": [
        0.037146,
        0.026263,
        0.030506,
        0.033662,
        0.025295,
        0.026505,
        0.028949,
        0.028188,
        0.030942,
        0.038096,
        0.027171,
        0.025242,
        0.034808,
        0.026042,
        0.04343,
        0.026898,
        0.039072,
        0.04031,
        0.026024,
        0.035638,
        0.040539,
        0.044151,
        0.032108,
        0.027086,
        0.031529,
        0.032766,
        0.032194,
        0.030068,
        0.026416,
        0.028416
    ],
    "p4_t1": [
        0.097367,
        0.097655,
        0.097078,
        0.09682,
        0.097439,
        0.097099,
        0.097064,
        0.096867,
        0.097432,
        0.096707,
        0.097525,
        0.097242,
        0.093395,
        0.097061,
        0.097989,
        0.097439,
        0.097391,
        0.096712,
        0.097529,
        0.093729,
        0.09355,
        0.097618,
        0.096989,
        0.096959,
        0.097181,
        0.092541,
        0.097796,
        0.097701,
        0.097675,
        0.096743
    ],
    "p4_t2": [
        0.052498,
        0.052222,
        0.049895,
        0.049995,
        0.051807,
        0.053002,
        0.051925,
        0.051058,
        0.053539,
        0.051817,
        0.052409,
        0.052214,
        0.052024,
        0.052785,
        0.049977,
        0.050163,
        0.05248,
        0.050476,
        0.051933,
        0.052734,
        0.050325,
        0.052577,
        0.051857,
        0.051808,
        0.051858,
        0.05281,
        0.050213,
        0.049893,
        0.052461,
        0.050647
    ],