{
    "p1_t16": [
        0.078987,
        0.078012,
        0.077826,
        0.077685,
        0.079601,
        0.076824,
        0.076412,
        0.077989,
        0.079232,
        0.10145,
        0.079025,
        0.080137,
        0.077348,
        0.079139,
        0.076555,
        0.079446,
        0.077031,
        0.076957,
        0.076504,
        0.078855,
        0.079751,
        0.077169,
        0.079243,
        0.078733,
        0.078584,
        0.077296,
        0.080327,
        0.081938,
        0.081701,
        0.077527
    ],
    "p1_t1": [
        1.068518,
        1.066519,
        1.068437,
        1.066524,
        1.067986,
        1.066376,
        1.068451,
        1.06689,
        1.068655,
        1.067106,
        1.067431,
        1.06852,
        1.066404,
        1.067249,
        1.067879,
        1.067448,
        1.068236,
        1.068051,
        1.066586,
        1.068671,
        1.066429,
        1.067882,
        1.068038,
        1.066734,
        1.06827,
        1.066732,
        1.067852,
        1.066673,
        1.068434,
        1.068265
    ],
    "p1_t2": [
        0.536161,
        0.53527,
        0.53641,
        0.535505,
        0.536027,
        0.535713,
        0.53677,
        0.535894,
        0.536285,
        0.535507,
        0.536448,
        0.536513,
        0.535479,
        0.536669,
        0.535822,
        0.536087,
        0.535703,
        0.536639,
        0.535774,
        0.536235,
        0.535906,
        0.536663,
        0.536845,
        0.53557,
        0.536958,
        0.536424,
        0.536224,
        0.535518,
        0.536195,
        0.53543
    ],
    "p1_t32": [
        0.050834,
        0.049038,
        0.052871,
        0.051261,
        0.049975,
        0.049915,
        0.049452,
        0.052215,
        0.053575,
        0.055863,
        0.052069,
        0.051496,
        0.04936,
        0.051899,
        0.050467,
        0.050426,
        0.049226,
        0.049588,
        0.051944,
        0.051373,
        0.048884,
        0.054881,
        0.05047,
        0.050002,
        0.050025,
        0.049803,
        0.05122,
        0.05108,
        0.050221,
        0.062921
    ],
    "p1_t4": [
        0.272507,
        0.27361,
        0.272746,
        0.272676,
        0.272661,
        0.272315,
        0.273806,
        0.271901,
        0.272097,
        0.271945,
        0.272246,
        0.272517,
        0.272165,
        0.272222,
        0.27209,
        0.272888,
        0.272193,
        0.274122,
        0.271313,
        0.272127,
        0.271813,
        0.272229,
        0.271931,
        0.271937,
        0.272435,
        0.272238,
        0.271465,
        0.272009,
        0.272946,
        0.272439
    ],
    "p1_t8": [
        0.140841,
        0.141832,
        0.140819,
        0.140923,
        0.141744,
        0.142235,
        0.140539,
        0.140394,
        0.141106,
        0.140509,
        0.140374,
        0.14042,
        0.14145,
        0.140643,
        0.143014,
        0.141383,
        0.140731,
        0.140255,
        0.141268,
        0.140738,
        0.140617,
        0.140379,
        0.141104,
        0.142291,
        0.141606,
        0.140124,
        0.14055,
        0.141278,
        0.141136,
        0.141179
    ],
    "p2_t16": [
        0.048958,
        0.049598,
        0.047469,
        0.047604,
        0.047803,
        0.047933,
        0.047655,
        0.049738,
        0.047258,
        0.049098,
        0.047267,
        0.047698,
        0.047567,
        0.048133,
        0.048774,
        0.048016,
        0.047752,
        0.049207,
        0.047416,
        0.047968,
        0.048186,
        0.049492,
        0.047829,
        0.04892,
        0.048003,
        0.049953,
        0.047554,
        0.046905,
        0.049406,
        0.045865
    ],
    "p2_t1": [
        0.535989,
        0.535355,
        0.545882,
        0.536363,
        0.545953,
        0.536375,
        0.537335,
        0.53651,
        0.542869,
        0.535678,
        0.545908,
        0.545564,
        0.535748,
        0.537262,
        0.536239,
        0.536886,
        0.535811,
        0.535908,
        0.536893,
        0.545918,
        0.536224,
        0.546169,
        0.536858,
        0.540201,
        0.536361,
        0.5458,
        0.546156,
        0.540602,
        0.545752,
        0.535815
    ],
    "p2_t2": [
        0.273197,
        0.279292,
        0.272951,
        0.281143,
        0.27702,
        0.278975,
        0.27274,
        0.272595,
        0.276995,
        0.271938,
        0.273899,
        0.278308,
        0.272875,
        0.273199,
        0.276325,
        0.272569,
        0.280155,
        0.272726,
        0.272808,
        0.273104,
        0.274088,
        0.272658,
        0.280926,
        0.273106,
        0.273768,
        0.276172,
        0.274205,
        0.277352,
        0.272853,
        0.274081
    ],
    "p2_t32": [
        0.048447,
        0.038552,
        0.037057,
        0.04563,
        0.038232,
        0.042063,
        0.045855,
        0.04127,
        0.043372,
        0.041683,
        0.04411,
        0.042882,
        0.043412,
        0.042184,
        0.039361,
        0.04431,
        0.051479,
        0.045084,
        0.042516,
        0.045384,
        0.041177,
        0.044415,
        0.04361,
        0.037471,
        0.046249,
        0.049208,
        0.037977,
        0.044633,
        0.040488,
        0.043014
    ],
    "p2_t4": [
        0.142848,
        0.142584,
        0.147471,
        0.143586,
        0.143748,
        0.14279,
        0.141645,
        0.145668,
        0.144895,
        0.147006,
        0.143207,
        0.146984,
        0.145958,
        0.1473,
        0.141965,
        0.145808,
        0.147964,
        0.141868,
        0.146588,
        0.148318,
        0.146397,
        0.146168,
        0.146545,
        0.143371,
        0.14124,
        0.14621,
        0.147014,
        0.141581,
        0.146655,
        0.141206
    ],
    "p2_t8": [
        0.080465,
        0.080301,
        0.07857,
        0.0807,
        0.080191,
        0.080757,
        0.077379,
        0.07977,
        0.076662,
        0.081055,
        0.078697,
        0.079918,
        0.078424,
        0.077736,
        0.080896,
        0.080498,
        0.081173,
        0.079466,
        0.082449,
        0.07807,
        0.077391,
        0.076433,
        0.078122,
        0.076969,
        0.079849,
        0.075885,
        0.079955,
        0.077273,
        0.080434,
        0.077622
    ],
    "p4_t16": [
        0.036975,
        0.040572,
        0.037087,
        0.041705,
        0.03269,
        0.038237,
        0.038974,
        0.035505,
        0.033854,
        0.035452,
        0.03546,
        0.03584,
        0.037498,
        0.040709,
        0.038142,
        0.03406,
        0.033819,
        0.03677,
        0.03379,
        0.037457,
        0.036509,
        0.036811,
        0.036969,
        0.049514,
        0.043896,
        0.036312,
        0.039306,
        0.035496,
        0.037615,
        0.037656
    ],
    "p4_t1": [
        0.273899,
        0.276627,
        0.277128,
        0.278641,
        0.277319,
        0.278342,
        0.278215,
        0.276846,
        0.279207,
        0.27684,
        0.278727,
        0.274887,
        0.278477,
        0.274581,
        0.277369,
        0.278742,
        0.273068,
        0.276795,
        0.277273,
        0.276225,
        0.278231,
        0.277699,
        0.277128,
        0.276834,
        0.278612,
        0.27491,
        0.27412,
        0.276915,
        0.273987,
        0.278928
    ],