{
    "p1_t1": [
        0.354868,
        0.354614,
        0.354991,
        0.35567,
        0.355312,
        0.354294,
        0.354414,
        0.355007,
        0.354402,
        0.354731,
        0.355156,
        0.354553,
        0.35522,
        0.354879,
        0.354651,
        0.355415,
        0.355345,
        0.354703,
        0.3546,
        0.354975,
        0.354874,
        0.354929,
        0.354557,
        0.354238,
        0.354654,
        0.355519,
        0.354502,
        0.354337,
        0.354964,
        0.354086
    ],
    "p2_t1": [
        0.188195,
        0.188161,
        0.18773,
        0.178475,
        0.182409,
        0.188156,
        0.187825,
        0.187798,
        0.178544,
        0.187245,
        0.178868,
        0.178815,
        0.18791,
        0.178634,
        0.178448,
        0.179649,
        0.179601,
        0.179001,
        0.187803,
        0.179385,
        0.187807,
        0.178673,
        0.179016,
        0.178862,
        0.179159,
        0.187024,
        0.178795,
        0.179159,
        0.188025,
        0.178427
    ],
    "p4_t1": [
        0.095948,
        0.096122,
        0.096114,
        0.096914,
        0.096883,
        0.094397,
        0.096709,
        0.096006,
        0.096185,
        0.096602,
        0.096695,
        0.096113,
        0.0962,
        0.092468,
        0.096058,
        0.092251,
        0.092784,
        0.092954,
        0.096,
        0.092727,
        0.096878,
        0.097034,
        0.092614,
        0.092532,
        0.096254,
        0.092706,
        0.097045,
        0.09623,
        0.096153,
        0.096836
    ],
    "p8_t1": [
        0.052309,
        0.052066,
        0.051533,
        0.051408,
        0.050648,
        0.052127,
        0.052052,
        0.051957,
        0.052086,
        0.052354,
        0.051911,
        0.052689,
        0.051483,
        0.051706,
        0.052114,
        0.051959,
        0.053021,
        0.051747,
        0.05202,
        0.051804,
        0.052292,
        0.052088,
        0.052068,
        0.052024,
        0.052789,
        0.052026,
        0.052579,
        0.051933,
        0.051414,
        0.051795
    ],
    "p16_t1": [
        0.030872,
        0.03174,
        0.030754,
        0.031354,
        0.031204,
        0.031223,
        0.031585,
        0.031349,
        0.031823,
        0.03249,
        0.031118,
        0.031456,
        0.0309,
        0.030932,
        0.030986,
        0.0316,
        0.031694,
        0.03157,
        0.031357,
        0.031282,
        0.031997,
        0.031352,
        0.031076,
        0.031573,
        0.031732,
        0.031321,
        0.030649,
        0.030926,
        0.031556,
        0.031017
    ],
    "p32_t1": [
        0.023502,
        0.021923,
        0.022977,
        0.023047,
        0.022738,
        0.023565,
        0.022372,
        0.023011,
        0.057803,
        0.023332,
        0.022934,
        0.02384,
        0.023626,
        0.022926,
        0.022859,
        0.023305,
        0.023187,
        0.023689,
        0.023065,
        0.023021,
        0.023631,
        0.02235,
        0.023413,
        0.022378,
        0.023092,
        0.022708,
        0.023136,
        0.022784,
        0.022954,
        0.02327
    ],
    "p64_t1": [
        0.039456,
        0.043155,
        0.046447,
        0.03625,
        0.044866,
        0.050524,
        0.040222,
        0.03727,
        0.039539,
        0.048658,
        0.043149,
        0.043055,
        0.042537,
        0.042898,
        0.036387,
        0.048416,
        0.040566,
        0.037977,
        0.036992,
        0.038231,
        0.036258,
        0.039357,
        0.046748,
        0.046039,
        0.040768,
        0.045472,
        0.041421,
        0.045345,
        0.048345,
        0.041867
    ]
}