{
    "p4_t1": [
        28.017073,
        27.99202,
        27.942595,
        28.027466,
        27.952369,
        28.085217,
        28.073316,
        28.42884,
        27.997892,
        27.974578,
        27.936643,
        28.231649,
        28.067684,
        28.029381,
        28.016889,
        27.999057,
        28.230038,
        28.075204,
        27.924077,
        28.089812,
        28.080047,
        27.994251,
        28.050114,
        28.17223,
        28.055182,
        28.501455,
        28.082651,
        28.091067,
        28.031915,
        28.003952
    ],
    "p1_t1": [
        111.372673,
        111.405768,
        111.208774,
        111.022358,
        111.31913,
        111.170324,
        111.319297,
        111.3787,
        111.04478,
        111.269264,
        111.365236,
        111.346786,
        111.265221,
        111.198706,
        111.241472,
        111.237875,
        111.265574,
        111.25137,
        111.216252,
        111.221045,
        111.28812,
        111.186695,
        111.366043,
        110.964217,
        111.422504,
        111.214181,
        111.112409,
        111.270484,
        111.448665,
        111.222237
    ],
    "p2_t1": [
        55.892045,
        55.95584,
        55.949581,
        55.928709,
        55.91641,
        55.888663,
        55.956047,
        55.883721,
        55.951305,
        55.73464,
        56.518807,
        55.883728,
        55.87322,
        55.924191,
        55.930691,
        55.889668,
        55.91335,
        55.969625,
        55.909748,
        55.883284,
        55.878081,
        55.932618,
        55.878391,
        55.950461,
        55.903329,
        55.87989,
        55.942636,
        55.917031,
        55.905452,
        55.94349
    ],
    "p8_t1": [
        14.075624,
        14.055431,
        14.077901,
        14.196217,
        14.055092,
        14.1225,
        14.000877,
        14.099978,
        14.065912,
        14.083443,
        14.122502,
        14.10718,
        14.08295,
        14.088596,
        14.037945,
        14.098853,
        14.11167,
        14.052775,
        14.149178,
        14.108816,
        14.013469,
        14.275952,
        14.115018,
        14.061951,
        14.118583,
        14.078257,
        14.088379,
        14.054387,
        14.066022,
        13.993377
    ],
    "p16_t1": [
        7.087416,
        7.139842,
        7.075027,
        7.104611,
        7.106483,
        7.130947,
        7.111157,
        7.068997,
        7.091577,
        7.105149,
        7.098491,
        7.084477,
        7.10625,
        7.096174,
        7.075001,
        7.088519,
        7.143873,
        7.138119,
        7.075321,
        7.092503,
        7.080974,
        7.076154,
        7.129473,
        7.072263,
        7.11721,
        7.105672,
        7.142886,
        7.077785,
        7.118232,
        7.156431
    ],
    "p32_t1": [
        3.626055,
        3.633485,
        3.643084,
        3.649381,
        3.641236,
        3.631395,
        3.635165,
        3.643567,
        3.63839,
        3.637796,
        3.654355,
        3.634323,
        3.621103,
        3.644205,
        3.605896,
        3.632908,
        3.645645,
        3.662185,
        3.664243,
        3.62385,
        3.640054,
        3.63893,
        3.642329,
        3.646654,
        3.645223,
        3.621309,
        3.6679,
        3.6365,
        3.617562,
        3.62257
    ],
    "p64_t1": [
        2.095033,
        2.060585,
        2.060676,
        2.042019,
        2.057639,
        2.101821,
        2.06345,
        2.085257,
        2.077533,
        2.052689,
        2.06336,
        2.060121,
        2.063387,
        2.063038,
        2.084355,
        2.054664,
        2.068862,
        2.070024,
        2.059584,
        2.08562,
        2.074497,
        2.057116,
        2.064434,
        2.072292,
        2.097265,
        2.069077,
        2.059106,
        2.067177,
        2.107055,
        2.060193
    ]
}