{
    "p4_t1": [
        28.017073,
        27.99202,
        27.942595,
        28.027466,
        27.952369,
        28.085217,
        28.073316,
        28.42884,
        27.997892,
        27.974578,
        27.936643,
        28.231649,
        28.067684,
        28.029381,
        28.016889,
        27.999057,
        28.230038,
        28.075204,
        27.924077,
        28.089812,
        28.080047,
        27.994251,
        28.050114,
        28.17223,
        28.055182,
        28.501455,
        28.082651,
        28.091067,
        28.031915,
        28.003952
    ],
    "p1_t1": [
        111.372673,
        111.405768,
        111.208774,
        111.022358,
        111.31913,
        111.170324,
        111.319297,
        111.3787,
        111.04478,
        111.269264,
        111.365236,
        111.346786,
        111.265221,
        111.198706,
        111.241472,
        111.237875,
        111.265574,
        111.25137,
        111.216252,
        111.221045,
        111.28812,
        111.186695,
        111.366043,
        110.964217,
        111.422504,
        111.214181,
        111.112409,
        111.270484,
        111.448665,
        111.222237
    ],
    "p1_t2": [
        55.908142,
        55.960049,
        55.91527,
        55.902029,
        55.925006,
        55.889403,
        55.92099,
        55.92027,
        55.918519,
        55.965919,
        55.915695,
        55.972538,
        55.92097,
        55.918767,
        55.927929,
        55.929216,
        55.944212,
        56.013276,
        55.924907,
        55.977482,
        55.949122,
        56.009813,
        55.934913,
        55.701289,
        55.929434,
        55.980301,
        55.92839,
        55.988417,
        56.17166,
        55.91567
    ],
    "p1_t4": [
        28.228672,
        28.129483,
        28.098076,
        28.024466,
        28.080438,
        28.066516,
        28.029956,
        28.154666,
        28.063984,
        27.981293,
        28.11038,
        28.152383,
        28.081153,
        28.16956,
        28.067107,
        28.103115,
        28.210096,
        28.054253,
        28.189297,
        28.008488,
        28.101311,
        28.016748,
        28.034292,
        28.082282,
        27.974654,
        28.133698,
        28.07909,
        28.073133,
        28.037368,
        28.020574
    ],
    "p1_t8": [
        14.010857,
        14.078873,
        14.054937,
        14.032595,
        14.083206,
        14.042736,
        14.045634,
        14.099928,
        14.032326,
        14.06715,
        14.036131,
        14.071188,
        14.007711,
        14.046493,
        14.044085,
        14.006354,
        14.050246,
        14.080057,
        14.043384,
        14.034658,
        14.016739,
        14.065852,
        14.068583,
        14.042719,
        14.048881,
        13.994618,
        14.047822,
        14.052374,
        13.999831,
        14.074977
    ],
    "p1_t16": [
        7.567792,
        7.537541,
        7.565095,
        7.539421,
        7.491372,
        7.511029,
        7.518774,
        7.506148,
        7.524351,
        7.179712,
        7.449568,
        7.512658,
        7.545065,
        7.133223,
        7.529625,
        7.537831,
        7.539674,
        7.519163,
        7.53793,
        7.523813,
        7.561025,
        7.533093,
        7.557044,
        7.521103,
        7.523286,
        7.531059,
        7.539295,
        7.52693,
        7.485213,
        7.536162
    ],
    "p1_t32": [
        4.575888,
        4.537264,
        4.573775,
        4.556581,
        3.854095,
        4.588173,
        4.528611,
        4.586056,
        3.794221,
        4.5097,
        4.568283,
        4.525677,
        4.522089,
        4.561828,
        4.533674,
        4.5586,
        4.53251,
        4.530351,
        4.611863,
        4.554368,
        4.609666,
        4.492982,
        4.521633,
        4.499819,
        4.564824,
        4.550868,
        4.606872,
        4.512226,
        4.55369,
        4.505133
    ],
    "p2_t1": [
        55.892045,
        55.95584,
        55.949581,
        55.928709,
        55.91641,
        55.888663,
        55.956047,
        55.883721,
        55.951305,
        55.73464,
        56.518807,
        55.883728,
        55.87322,
        55.924191,
        55.930691,
        55.889668,
        55.91335,
        55.969625,
        55.909748,
        55.883284,
        55.878081,
        55.932618,
        55.878391,
        55.950461,
        55.903329,
        55.87989,
        55.942636,
        55.917031,
        55.905452,
        55.94349
    ],
    "p2_t2": [
        27.990549,
        28.004335,
        28.010808,
        28.085883,
        28.116197,
        28.016857,
        27.996698,
        28.032776,
        28.000789,
        27.988673,
        27.968006,
        28.088195,
        27.997408,
        28.145535,
        28.034109,
        28.076565,
        28.052635,
        28.162873,
        27.981204,
        28.025868,
        28.028651,
        28.071612,
        28.020587,
        28.002727,
        27.985891,
        28.267719,
        27.97653,
        28.1377,
        27.999405,
        28.128415
    ],
    "p2_t4": [
        14.078262,
        14.118774,
        14.117319,
        14.064206,
        14.098654,
        14.088334,
        14.087672,
        14.031729,
        14.059382,
        14.135343,
        14.074281,
        14.10784,
        14.078018,
        14.088609,
        14.031893,
        14.082652,
        13.971239,
        13.993545,
        14.048201,
        14.085614,
        14.050379,
        14.080141,
        14.090046,
        14.15157,
        14.064859,
        14.021178,
        14.172685,
        14.056382,
        14.022909,
        14.076865
    ],
    "p2_t8": [
        7.149355,
        7.10941,
        7.161754,
        7.109482,
        7.142891,
        7.139421,
        7.187125,
        7.122607,
        7.144681,
        7.139566,
        7.142413,
        7.13083,
        7.105139,
        7.147569,
        7.087197,
        7.105266,
        7.123927,
        7.134587,
        7.160249,
        7.145601,
        7.184577,
        7.145161,
        7.154802,
        7.18579,
        7.148964,
        7.12493,
        7.086827,
        7.102058,
        7.120823,
        7.136031
    ],
    "p2_t16": [
        3.788481,
        3.803496,
        3.724591,
        3.714698,
        3.716356,
        3.797897,
        3.801879,
        3.734361,
        3.729952,
        3.804591,
        3.718826,
        3.787803,
        3.730256,
        3.735735,
        3.719717,
        3.718426,
        12.04246,
        3.72937,
        3.713321,
        3.790798,
        3.722966,
        3.737532,
        3.750911,
        3.784914,
        3.726758,
        3.790459,
        3.810693,
        3.728864,
        3.792486,
        3.787489
    ],
    "p2_t32": [
        2.391029,
        2.409194,
        2.440086,
        2.337501,
        2.282387,
        2.443223,
        2.283313,
        2.379575,
        2.358558,
        2.400321,
        2.139213,
        2.249073,
        2.264661,
        2.360384,
        2.264794,
        2.267205,
        2.115411,
        2.32705,
        2.358952,
        2.452989,
        2.361326,
        2.067689,
        2.294425,
        2.423779,
        2.096698,
        2.23779,
        2.137584,
        2.337878,
        1.961854,
        2.373003
    ],