{
    "p1_t1": [
        0.073575,
        0.075037,
        0.07455,
        0.074133,
        0.07485,
        0.074761,
        0.074689,
        0.073587,
        0.073746,
        0.070542,
        0.073848,
        0.069534,
        0.074121,
        0.074864,
        0.073706,
        0.069357,
        0.073599,
        0.074386,
        0.073499,
        0.074992,
        0.074758,
        0.06944,
        0.074313,
        0.07395,
        0.07379,
        0.074873,
        0.074495,
        0.07408,
        0.069226,
        0.073344
    ],
    "p1_t2": [
        0.537173,
        0.537227,
        0.537507,
        0.537231,
        0.53717,
        0.537485,
        0.537242,
        0.537033,
        0.537319,
        0.537296,
        0.53761,
        0.537145,
        0.536319,
        0.537115,
        0.537045,
        0.537202,
        0.537242,
        0.537061,
        0.537255,
        0.537335,
        0.5371,
        0.537087,
        0.537269,
        0.536983,
        0.537209,
        0.536774,
        0.53739,
        0.537291,
        0.537128,
        0.537815
    ],
    "p1_t4": [
        0.270349,
        0.270168,
        0.270332,
        0.270406,
        0.270301,
        0.270385,
        0.270452,
        0.27044,
        0.270357,
        0.270327,
        0.270215,
        0.270139,
        0.270383,
        0.270187,
        0.270412,
        0.270206,
        0.270444,
        0.270415,
        0.270572,
        0.270394,
        0.27052,
        0.2704,
        0.270462,
        0.270192,
        0.270346,
        0.270477,
        0.270423,
        0.270497,
        0.270573,
        0.27034
    ],
    "p1_t8": [
        0.137586,
        0.137709,
        0.137567,
        0.137553,
        0.137712,
        0.137619,
        0.137528,
        0.137698,
        0.137511,
        0.137701,
        0.137471,
        0.137627,
        0.137707,
        0.137535,
        0.137578,
        0.137476,
        0.137519,
        0.137633,
        0.137569,
        0.137649,
        0.137538,
        0.137644,
        0.137531,
        0.13762,
        0.13731,
        0.137607,
        0.137643,
        0.137707,
        0.137631,
        0.137552
    ],
    "p1_t16": [
        0.071935,
        0.071929,
        0.071808,
        0.071633,
        0.071802,
        0.071658,
        0.070826,
        0.071828,
        0.071945,
        0.071527,
        0.071848,
        0.071244,
        0.071925,
        0.07182,
        0.071858,
        0.071884,
        0.071766,
        0.071785,
        0.071751,
        0.071908,
        0.071816,
        0.071838,
        0.071718,
        0.071874,
        0.071759,
        0.071852,
        0.071751,
        0.071758,
        0.071846,
        0.071221
    ],
    "p1_t32": [
        0.03952,
        0.039595,
        0.039304,
        0.039239,
        0.039377,
        0.039306,
        0.039217,
        0.039466,
        0.039476,
        0.039451,
        0.0391,
        0.039329,
        0.03896,
        0.039324,
        0.039113,
        0.039644,
        0.039209,
        0.039278,
        0.039338,
        0.039359,
        0.039292,
        0.039377,
        0.039588,
        0.039135,
        0.039435,
        0.039437,
        0.03928,
        0.039294,
        0.039431,
        0.039362
    ],
    "p1_t64": [
        0.024958,
        0.024289,
        0.024557,
        0.024686,
        0.024863,
        0.02469,
        0.024984,
        0.024476,
        0.02442,
        0.024722,
        0.024695,
        0.024344,
        0.025103,
        0.024625,
        0.024946,
        0.024852,
        0.024304,
        0.024527,
        0.025013,
        0.024498,
        0.025137,
        0.024973,
        0.024158,
        0.024312,
        0.024675,
        0.024475,
        0.024354,
        0.024961,
        0.024331,
        0.02419
    ]
}