{
    "p1_t1": [
        11.541647,
        11.498163,
        11.446972,
        11.485633,
        11.4488,
        11.46935,
        11.488549,
        11.389753,
        11.486743,
        11.448327,
        11.464093,
        11.496125,
        11.533629,
        11.499705,
        11.537373,
        11.455737,
        11.462295,
        11.559423,
        11.410986,
        11.837963,
        11.482128,
        11.540068,
        11.414596,
        11.580918,
        11.453536,
        11.491208,
        11.339558,
        11.54924,
        11.5232,
        11.498635
    ],
    "p1_t2": [
        5.691503,
        5.706035,
        5.714828,
        5.705517,
        5.724542,
        5.685912,
        5.74022,
        5.719054,
        5.709547,
        5.727568,
        5.775669,
        5.744315,
        5.687026,
        5.708027,
        5.765775,
        5.728386,
        5.699086,
        5.68655,
        5.695602,
        5.751582,
        5.718154,
        5.726597,
        5.687657,
        5.732894,
        5.716903,
        5.717065,
        5.721264,
        5.768814,
        5.73268,
        5.77592
    ],
    "p1_t4": [
        7.897824,
        7.866868,
        7.867359,
        7.891569,
        7.863112,
        7.878467,
        7.870783,
        7.87859,
        7.87088,
        7.890752,
        7.86587,
        7.887612,
        7.880315,
        7.880512,
        7.879515,
        7.8861,
        7.874239,
        7.868931,
        7.856974,
        7.889202,
        7.873748,
        7.901837,
        7.890131,
        7.864863,
        7.884166,
        7.876655,
        7.87764,
        7.876504,
        7.884314,
        7.865275
    ],
    "p1_t32": [
        0.554728,
        0.557364,
        0.563859,
        0.553537,
        0.554081,
        0.559467,
        0.551011,
        0.558731,
        0.555228,
        0.558951,
        0.558643,
        0.562972,
        0.557941,
        0.559471,
        0.554996,
        0.557379,
        0.554841,
        0.556955,
        0.556593,
        0.555317,
        0.564442,
        0.553619,
        0.558868,
        0.55214,
        0.562371,
        0.555642,
        0.554029,
        0.554208,
        0.559858,
        0.555847
    ],
    "p1_t8": [
        3.960058,
        3.967101,
        3.959006,
        3.960394,
        3.961017,
        3.95926,
        3.948545,
        3.957853,
        3.968983,
        3.959657,
        3.962851,
        3.964792,
        3.954108,
        3.95333,
        3.971086,
        3.955775,
        3.953403,
        3.955972,
        3.954977,
        3.966924,
        3.96817,
        3.961704,
        3.957804,
        4.037458,
        3.966832,
        3.955239,
        3.964163,
        3.952413,
        3.953593,
        3.950786
    ],
    "p1_t16": [
        0.015231,
        0.010053,
        0.011237,
        0.013607,
        0.011759,
        0.012591,
        0.016258,
        0.014335,
        0.00908,
        0.011546,
        0.010895,
        0.012884,
        0.014271,
        0.013512,
        0.010477,
        0.0148,
        0.015013,
        0.011273,
        0.012158,
        0.013119,
        0.015446,
        0.015106,
        0.012813,
        0.012437,
        0.010786,
        0.014786,
        0.012088,
        0.011825,
        0.014088,
        0.012003
    ],
    "p1_t64": [
        0.876253,
        0.873507,
        0.877394,
        0.876607,
        0.87753,
        0.878719,
        0.874527,
        0.877233,
        0.875706,
        0.879778,
        0.875354,
        0.877609,
        0.873912,
        0.879663,
        0.877366,
        0.876108,
        0.875316,
        0.875027,
        0.87285,
        0.871162,
        0.874795,
        0.876368,
        0.873509,
        0.871182,
        0.877311,
        0.877893,
        0.878261,
        0.874876,
        0.876242,
        0.875974
    ]
}